<application>
  <component name="EduSettings">
    <option name="lastTimeChecked" value="1550182145554" />
    <option name="shownCourseIds">
      <set />
    </option>
  </component>
  <component name="PropertiesComponent">
    <property name="CommitChangeListDialog.DETAILS_SPLITTER_PROPORTION_2" value="0.62252665" />
    <property name="Edu.CourseCreator.Enabled" value="false" />
    <property name="Educational.conflictingPluginsDisabled" value="true" />
    <property name="IJ_BASE_PACKAGE" value="hamsterofdark" />
    <property name="KEYMAP" value="project&#10;select in pr&#10;select in&#10;locate&#10;hide" />
    <property name="SettingsSearchHistory" value="keymap&#10;key&#10;plugins&#10;font&#10;dark" />
    <property name="TrendingPluginsSearchHistory" value="edu tools" />
    <property name="android-component-compatibility-check" value="1505727712783" />
    <property name="build.toolwindow.Sync.selection.state" value="com.intellij.build.BuildTreeConsoleView" />
    <property name="com.jetbrains.edu.LAST_UPDATE" value="1561479159757" />
    <property name="defaultJdkConfigured" value="true" />
    <property name="export.settings.path" value="/Users/jetbrains/settings.zip" />
    <property name="file.gist.reindex.count" value="3" />
    <property name="fileTypeChangedCounter" value="1" />
    <property name="installed.kotlin.plugin.version" value="1.3.21-release-IJ2018.3-1" />
    <property name="java.module.default.source.root" value="src" />
    <property name="jdk.selected.JAVA_MODULE" value="1.8" />
    <property name="kotlin.lastUpdateCheck" value="1550182281204" />
    <property name="lastTip" value="6" />
    <property name="project.wizard.group" value="Kotlin" />
    <property name="project.wizard.template" value="Kotlin/JVM" />
    <property name="selected.color.option.type" value="CONSOLE_DARKGRAY_OUTPUT" />
    <property name="toolwindow.stripes.buttons.info.shown" value="true" />
  </component>
</application>