<keymap version="1" name="MiLandry layout" parent="Mac OS X">
  <action id="ActivateProjectToolWindow">
    <keyboard-shortcut first-keystroke="meta 1" />
    <keyboard-shortcut first-keystroke="meta b" />
  </action>
  <action id="ChangesView.GroupBy.Directory" />
  <action id="CloseContent">
    <keyboard-shortcut first-keystroke="meta f4" />
    <keyboard-shortcut first-keystroke="meta w" />
  </action>
  <action id="DuplicatesForm.SendToLeft" />
  <action id="EditorSelectWord" />
  <action id="FileChooser.GotoHome" />
  <action id="FileChooser.TogglePathShowing" />
  <action id="GotoDeclaration">
    <mouse-shortcut keystroke="meta button1" />
    <mouse-shortcut keystroke="button2" />
  </action>
  <action id="InsertLiveTemplate" />
  <action id="NextTab">
    <keyboard-shortcut first-keystroke="ctrl right" />
    <keyboard-shortcut first-keystroke="meta l" />
  </action>
  <action id="ParameterInfo" />
  <action id="PreviousTab">
    <keyboard-shortcut first-keystroke="ctrl left" />
    <keyboard-shortcut first-keystroke="meta j" />
  </action>
  <action id="SearchEverywhere">
    <keyboard-shortcut first-keystroke="meta p" />
  </action>
  <action id="SelectInProjectView">
    <keyboard-shortcut first-keystroke="meta back_slash" />
  </action>
  <action id="TodoViewGroupByShowPackages" />
  <action id="Vcs.Log.FocusTextFilter" />
</keymap>